{"directed": true, "multigraph": false, "graph": {}, "nodes": [{"color": "w", "edgecolor": "g", "size": 2500, "id": "man.1"}, {"color": "w", "edgecolor": "g", "size": 2500, "id": "holding.0"}, {"color": "w", "edgecolor": "g", "size": 2500, "id": "umbrella.2"}, {"color": "w", "edgecolor": "g", "size": 2500, "id": "has.1"}, {"color": "w", "edgecolor": "g", "size": 2500, "id": "with.2"}, {"color": "w", "edgecolor": "g", "size": 2500, "id": "has.3"}, {"color": "w", "edgecolor": "g", "size": 2500, "id": "arm.0"}, {"color": "w", "edgecolor": "g", "size": 2500, "id": "pant.3"}, {"color": "w", "edgecolor": "g", "size": 2500, "id": "sidewalk.4"}, {"color": "w", "edgecolor": "g", "size": 2500, "id": "top.5"}, {"color": "w", "edgecolor": "g", "size": 2500, "id": "wall.6"}], "links": [{"width": 2, "arrows": true, "source": "man.1", "target": "holding.0"}, {"width": 2, "arrows": true, "source": "man.1", "target": "has.1"}, {"width": 2, "arrows": true, "source": "man.1", "target": "with.2"}, {"width": 2, "arrows": true, "source": "man.1", "target": "has.3"}, {"width": 1, "arrows": true, "source": "holding.0", "target": "umbrella.2"}, {"width": 1, "arrows": true, "source": "has.1", "target": "umbrella.2"}, {"width": 1, "arrows": true, "source": "with.2", "target": "umbrella.2"}, {"width": 1, "arrows": true, "source": "has.3", "target": "arm.0"}]}