{"directed": true, "multigraph": false, "graph": {}, "nodes": [{"color": "w", "edgecolor": "g", "size": 2500, "id": "cat.0"}, {"color": "w", "edgecolor": "g", "size": 2500, "id": "has.0"}, {"color": "w", "edgecolor": "g", "size": 2500, "id": "paw.2"}, {"color": "w", "edgecolor": "g", "size": 2500, "id": "has.1"}, {"color": "w", "edgecolor": "g", "size": 2500, "id": "ear.1"}, {"color": "w", "edgecolor": "g", "size": 2500, "id": "hand.3"}], "links": [{"width": 2, "arrows": true, "source": "cat.0", "target": "has.0"}, {"width": 2, "arrows": true, "source": "cat.0", "target": "has.1"}, {"width": 1, "arrows": true, "source": "has.0", "target": "paw.2"}, {"width": 1, "arrows": true, "source": "has.1", "target": "ear.1"}]}